X,Y,Z,RX,RY,RZ
72.144,483.397,448.464,179.616,-0.567,45.217
72.144,483.397,448.464,179.616,-0.567,45.217
72.144,483.397,448.464,179.616,-0.567,45.217
72.144,483.397,448.464,179.616,-0.567,45.217
72.144,483.397,448.464,179.616,-0.567,45.217
72.143,483.398,448.464,179.616,-0.567,45.217
72.143,483.398,448.464,179.616,-0.567,45.217
72.107,483.409,448.487,179.616,-0.567,45.216
72.107,483.409,448.487,179.616,-0.567,45.216
72.023,483.434,448.541,179.616,-0.567,45.214
72.023,483.434,448.541,179.616,-0.567,45.214
71.762,483.509,448.702,179.615,-0.565,45.211
71.762,483.509,448.702,179.615,-0.565,45.211
71.475,483.602,448.892,179.616,-0.565,45.209
71.475,483.602,448.892,179.616,-0.565,45.209
70.819,483.808,449.303,179.618,-0.565,45.201
70.819,483.808,449.303,179.618,-0.565,45.201
70.21,483.999,449.687,179.62,-0.564,45.195
70.21,483.999,449.687,179.62,-0.564,45.195
69.029,484.38,450.463,179.624,-0.565,45.185
69.029,484.38,450.463,179.624,-0.565,45.185
67.399,484.874,451.496,179.626,-0.563,45.171
67.399,484.874,451.496,179.626,-0.563,45.171
66.073,485.27,452.324,179.629,-0.562,45.162
66.073,485.27,452.324,179.629,-0.562,45.162
66.073,485.27,452.324,179.629,-0.562,45.162
63.69,485.934,453.75,179.632,-0.555,45.146
63.69,485.934,453.75,179.632,-0.555,45.146
61.887,486.468,454.909,179.638,-0.557,45.136
61.887,486.468,454.909,179.638,-0.557,45.136
58.761,487.313,456.792,179.643,-0.553,45.119
58.761,487.313,456.792,179.643,-0.553,45.119
56.452,487.946,458.201,179.651,-0.556,45.12
56.452,487.946,458.201,179.651,-0.556,45.12
56.452,487.946,458.201,179.651,-0.556,45.12
52.696,488.931,460.559,179.659,-0.554,45.091
52.696,488.931,460.559,179.659,-0.554,45.091
52.696,488.931,460.559,179.659,-0.554,45.091
49.894,489.629,462.265,179.665,-0.553,45.08
49.894,489.629,462.265,179.665,-0.553,45.08
45.253,490.721,465.07,179.674,-0.548,45.059
45.253,490.721,465.07,179.674,-0.548,45.059
40.138,491.834,468.051,179.684,-0.543,45.06
40.138,491.834,468.051,179.684,-0.543,45.06
40.138,491.834,468.051,179.684,-0.543,45.06
36.551,492.597,470.289,179.691,-0.539,45.029
36.551,492.597,470.289,179.691,-0.539,45.029
30.687,493.705,473.69,179.698,-0.53,45.024
30.687,493.705,473.69,179.698,-0.53,45.024
24.53,494.826,477.479,179.709,-0.526,44.982
24.53,494.826,477.479,179.709,-0.526,44.982
20.064,495.567,480.139,179.719,-0.526,44.976
20.064,495.567,480.139,179.719,-0.526,44.976
12.901,496.616,484.371,179.733,-0.519,44.957
12.901,496.616,484.371,179.733,-0.519,44.957
7.958,497.244,487.282,179.739,-0.511,44.937
7.958,497.244,487.282,179.739,-0.511,44.937
0.018,498.131,491.867,179.755,-0.505,44.942
0.018,498.131,491.867,179.755,-0.505,44.942
-5.51,498.672,495.226,179.765,-0.501,44.906
-5.51,498.672,495.226,179.765,-0.501,44.906
-14.284,499.288,500.212,179.776,-0.489,44.909
-14.284,499.288,500.212,179.776,-0.489,44.909
-20.289,499.621,503.743,179.787,-0.484,44.897
-20.289,499.621,503.743,179.787,-0.484,44.897
-29.601,499.948,509.299,179.801,-0.471,44.855
-29.601,499.948,509.299,179.801,-0.471,44.855
-36.286,500.011,513.045,179.809,-0.463,44.866
-36.286,500.011,513.045,179.809,-0.463,44.866
-45.95,499.937,518.839,179.826,-0.451,44.82
-45.95,499.937,518.839,179.826,-0.451,44.82
-55.927,499.581,524.542,179.845,-0.442,44.838
-62.534,499.226,528.512,179.859,-0.436,44.811
-72.325,498.44,534.039,179.874,-0.422,44.835
-72.325,498.44,534.039,179.874,-0.422,44.835
-81.53,497.472,539.521,179.883,-0.405,44.801
-81.53,497.472,539.521,179.883,-0.405,44.801
-90.609,496.307,544.779,179.897,-0.393,44.806
-90.609,496.307,544.779,179.897,-0.393,44.806
-96.316,495.457,548.099,179.905,-0.385,44.808
-96.316,495.457,548.099,179.905,-0.385,44.808
-114.714,492.085,558.768,179.923,-0.355,44.837
-114.714,492.085,558.768,179.923,-0.355,44.837
-114.714,492.085,558.768,179.923,-0.355,44.837
-119.667,491.028,561.621,179.929,-0.349,44.871
-119.667,491.028,561.621,179.929,-0.349,44.871
-126.979,489.289,565.682,179.925,-0.332,44.952
-126.979,489.289,565.682,179.925,-0.332,44.952
-134.217,487.45,569.783,179.929,-0.32,45.069
-134.217,487.45,569.783,179.929,-0.32,45.069
-138.959,486.178,572.478,179.937,-0.314,45.177
-146.216,484.075,576.51,179.942,-0.303,45.392
-153.435,481.858,580.546,179.956,-0.297,45.669
-153.435,481.858,580.546,179.956,-0.297,45.669
-158.344,480.211,583.201,179.949,-0.284,45.884
-158.344,480.211,583.201,179.949,-0.284,45.884
-166.003,477.597,587.253,179.964,-0.278,46.313
-171.11,475.688,589.815,179.955,-0.263,46.626
-178.91,472.667,593.861,179.957,-0.249,47.155
-184.077,470.585,596.535,179.963,-0.243,47.544
-184.077,470.585,596.535,179.963,-0.243,47.544
-191.871,467.296,600.54,179.974,-0.235,48.183
-199.833,463.702,604.51,179.974,-0.222,48.899
-199.833,463.702,604.51,179.974,-0.222,48.899
-205.292,461.141,607.102,179.976,-0.214,49.432
-205.292,461.141,607.102,179.976,-0.214,49.432
-213.101,457.298,611.026,179.98,-0.203,50.23
-218.413,454.571,613.585,179.98,-0.195,50.812
-218.413,454.571,613.585,179.98,-0.195,50.812
-226.377,450.266,617.305,179.969,-0.179,51.742
-226.377,450.266,617.305,179.969,-0.179,51.742
-234.134,445.926,621.108,179.98,-0.172,52.707
-234.134,445.926,621.108,179.98,-0.172,52.707
-234.134,445.926,621.108,179.98,-0.172,52.707
-239.339,442.873,623.556,179.979,-0.164,53.389
-239.339,442.873,623.556,179.979,-0.164,53.389
-247.203,438.081,627.233,179.979,-0.153,54.473
-247.203,438.081,627.233,179.979,-0.153,54.473
-252.376,434.82,629.632,179.983,-0.147,55.223
-252.376,434.82,629.632,179.983,-0.147,55.223
-260.133,429.735,633.198,179.984,-0.138,56.406
-260.133,429.735,633.198,179.984,-0.138,56.406
-265.133,426.314,635.483,179.98,-0.13,57.209
-265.133,426.314,635.483,179.98,-0.13,57.209
-265.133,426.314,635.483,179.98,-0.13,57.209
-272.676,421.001,638.841,179.982,-0.121,58.472
-272.676,421.001,638.841,179.982,-0.121,58.472
-279.975,415.628,642.197,179.986,-0.112,59.775
-279.975,415.628,642.197,179.986,-0.112,59.775
-284.772,411.959,644.331,179.983,-0.103,60.675
-284.772,411.959,644.331,179.983,-0.103,60.675
-284.772,411.959,644.331,179.983,-0.103,60.675
-291.957,406.32,647.485,179.988,-0.097,62.064
-291.957,406.32,647.485,179.988,-0.097,62.064
-296.631,402.509,649.53,179.988,-0.09,63.017
-296.631,402.509,649.53,179.988,-0.09,63.017
-296.631,402.509,649.53,179.988,-0.09,63.017
-303.575,396.665,652.537,179.989,-0.081,64.497
-303.575,396.665,652.537,179.989,-0.081,64.497
-308.008,392.807,654.438,179.989,-0.074,65.487
-308.008,392.807,654.438,179.989,-0.074,65.487
-314.629,386.857,657.182,179.985,-0.061,67.037
-314.629,386.857,657.182,179.985,-0.061,67.037
-314.629,386.857,657.182,179.985,-0.061,67.037
-318.932,382.884,658.959,179.985,-0.055,68.089
-318.932,382.884,658.959,179.985,-0.055,68.089
-325.24,376.872,661.536,179.984,-0.045,69.707
-325.24,376.872,661.536,179.984,-0.045,69.707
-325.24,376.872,661.536,179.984,-0.045,69.707
-331.157,371.029,663.98,179.987,-0.039,71.318
-331.157,371.029,663.98,179.987,-0.039,71.318
-335.086,367.043,665.539,179.988,-0.034,72.434
-335.086,367.043,665.539,179.988,-0.034,72.434
-335.086,367.043,665.539,179.988,-0.034,72.434
-335.086,367.043,665.539,179.988,-0.034,72.434
-342.744,359.021,668.423,179.987,-0.024,74.718
-342.744,359.021,668.423,179.987,-0.024,74.718
-346.361,355.089,669.818,179.988,-0.02,75.893
-346.361,355.089,669.818,179.988,-0.02,75.893
-351.515,349.374,671.695,179.991,-0.016,77.619
-351.515,349.374,671.695,179.991,-0.016,77.619
-351.515,349.374,671.695,179.991,-0.016,77.619
-356.605,343.572,673.439,179.993,-0.012,79.423
-356.605,343.572,673.439,179.993,-0.012,79.423
-356.605,343.572,673.439,179.993,-0.012,79.423
-359.793,339.833,674.479,179.991,-0.008,80.624
-359.793,339.833,674.479,179.991,-0.008,80.624
-364.466,334.246,675.927,179.993,-0.004,82.466
-364.466,334.246,675.927,179.993,-0.004,82.466
-367.433,330.628,676.788,179.995,-0.002,83.693
-367.433,330.628,676.788,179.995,-0.002,83.693
-371.596,325.445,677.882,179.994,0.001,85.519
-371.596,325.445,677.882,179.994,0.001,85.519
-374.375,321.923,678.503,179.992,0.004,86.81
-374.375,321.923,678.503,179.992,0.004,86.81
-374.375,321.923,678.503,179.992,0.004,86.81
-378.146,317.069,679.271,179.994,0.005,88.672
-378.146,317.069,679.271,179.994,0.005,88.672
-380.546,313.935,679.668,179.994,0.006,89.928
-380.546,313.935,679.668,179.994,0.006,89.928
-384.058,309.284,680.123,179.993,0.007,91.864
-384.058,309.284,680.123,179.993,0.007,91.864
-384.058,309.284,680.123,179.993,0.007,91.864
-387.429,304.738,680.418,179.99,0.01,93.835
-387.429,304.738,680.418,179.99,0.01,93.835
-387.429,304.738,680.418,179.99,0.01,93.835
-389.604,301.765,680.552,179.989,0.011,95.163
-389.604,301.765,680.552,179.989,0.011,95.163
-392.834,297.292,680.688,179.989,0.011,97.165
-392.834,297.292,680.688,179.989,0.011,97.165
-394.934,294.333,680.761,179.99,0.01,98.573
-394.934,294.333,680.761,179.99,0.01,98.573
-398.08,289.824,680.842,179.991,0.009,100.672
-398.08,289.824,680.842,179.991,0.009,100.672
-398.08,289.824,680.842,179.991,0.009,100.672
-400.205,286.715,680.891,179.992,0.008,102.113
-400.205,286.715,680.891,179.992,0.008,102.113
-403.497,281.787,680.967,179.993,0.008,104.378
-403.497,281.787,680.967,179.993,0.008,104.378
-406.833,276.65,681.056,179.993,0.008,106.72
-406.833,276.65,681.056,179.993,0.008,106.72
-406.833,276.65,681.056,179.993,0.008,106.72
-409.044,273.169,681.118,179.994,0.008,108.307
-409.044,273.169,681.118,179.994,0.008,108.307
-412.443,267.684,681.218,179.995,0.007,110.727
-412.443,267.684,681.218,179.995,0.007,110.727
-412.443,267.684,681.218,179.995,0.007,110.727
-414.711,263.93,681.286,179.996,0.006,112.437
-414.711,263.93,681.286,179.996,0.006,112.437
-414.711,263.93,681.286,179.996,0.006,112.437
-418.065,258.241,681.384,179.996,0.006,114.972
-418.065,258.241,681.384,179.996,0.006,114.972
-420.351,254.254,681.458,179.997,0.006,116.718
-420.351,254.254,681.458,179.997,0.006,116.718
-420.351,254.254,681.458,179.997,0.006,116.718
-423.81,248.054,681.573,179.998,0.005,119.433
-423.81,248.054,681.573,179.998,0.005,119.433
-423.81,248.054,681.573,179.998,0.005,119.433
-426.085,243.867,681.645,179.998,0.005,121.257
-426.085,243.867,681.645,179.998,0.005,121.257
-429.553,237.283,681.751,179.998,0.006,124.1
-429.553,237.283,681.751,179.998,0.006,124.1
-429.553,237.283,681.751,179.998,0.006,124.1
-432.997,230.49,681.865,179.998,0.006,127.017
-432.997,230.49,681.865,179.998,0.006,127.017
-435.261,225.878,681.942,179.998,0.006,128.984
-435.261,225.878,681.942,179.998,0.006,128.984
-435.261,225.878,681.942,179.998,0.006,128.984
-438.65,218.731,682.061,179.998,0.006,131.952
-438.65,218.731,682.061,179.998,0.006,131.952
-440.836,213.954,682.134,179.998,0.007,133.972
-440.836,213.954,682.134,179.998,0.007,133.972
-444.026,206.728,682.246,179.998,0.008,137.045
-444.026,206.728,682.246,179.998,0.008,137.045
-446.108,201.829,682.33,179.999,0.008,139.082
-446.108,201.829,682.33,179.999,0.008,139.082
-449.217,194.242,682.454,179.999,0.008,142.219
-449.217,194.242,682.454,179.999,0.008,142.219
-452.206,186.585,682.573,180.0,0.008,145.36
-452.206,186.585,682.573,180.0,0.008,145.36
-454.109,181.503,682.653,180.0,0.008,147.441
-456.803,173.999,682.773,-180.0,0.008,150.494
-456.803,173.999,682.773,-180.0,0.008,150.494
-458.624,168.69,682.857,-179.999,0.007,152.596
-458.624,168.69,682.857,-179.999,0.007,152.596
-461.097,161.124,682.965,-179.999,0.009,155.705
-461.097,161.124,682.965,-179.999,0.009,155.705
-461.097,161.124,682.965,-179.999,0.009,155.705
-462.71,155.96,683.047,-179.999,0.008,157.768
-462.71,155.96,683.047,-179.999,0.008,157.768
-462.71,155.96,683.047,-179.999,0.008,157.768
-465.047,148.1,683.174,-179.998,0.007,160.907
-465.047,148.1,683.174,-179.998,0.007,160.907
-465.047,148.1,683.174,-179.998,0.007,160.907
-466.51,142.92,683.253,-179.998,0.007,162.981
-466.51,142.92,683.253,-179.998,0.007,162.981
-468.622,135.017,683.374,-179.998,0.007,166.117
-468.622,135.017,683.374,-179.998,0.007,166.117
-468.622,135.017,683.374,-179.998,0.007,166.117
-470.601,127.089,683.499,-179.998,0.006,169.196
-470.601,127.089,683.499,-179.998,0.006,169.196
-470.601,127.089,683.499,-179.998,0.006,169.196
-471.841,121.8,683.579,-179.998,0.006,171.261
-471.841,121.8,683.579,-179.998,0.006,171.261
-473.55,114.022,683.686,-179.997,0.007,174.375
-473.55,114.022,683.686,-179.997,0.007,174.375
-474.637,108.732,683.767,-179.997,0.007,176.452
-474.637,108.732,683.767,-179.997,0.007,176.452
-474.637,108.732,683.767,-179.997,0.007,176.452
-476.175,100.705,683.891,-179.997,0.006,179.593
-476.175,100.705,683.891,-179.997,0.006,179.593
-477.58,92.637,684.012,-179.997,0.005,-177.264
-477.58,92.637,684.012,-179.997,0.005,-177.264
-478.419,87.36,684.088,-179.997,0.005,-175.21
-478.419,87.36,684.088,-179.997,0.005,-175.21
-478.419,87.36,684.088,-179.997,0.005,-175.21
-479.594,79.302,684.212,-179.997,0.004,-172.07
-480.302,73.935,684.292,-179.997,0.003,-169.992
-480.302,73.935,684.292,-179.997,0.003,-169.992
-480.302,73.935,684.292,-179.997,0.003,-169.992
-481.227,66.044,684.399,-179.996,0.004,-166.936
-481.227,66.044,684.399,-179.996,0.004,-166.936
-481.227,66.044,684.399,-179.996,0.004,-166.936
-481.78,60.684,684.474,-179.996,0.004,-164.86
-481.78,60.684,684.474,-179.996,0.004,-164.86
-482.502,52.58,684.597,-179.997,0.003,-161.72
-482.502,52.58,684.597,-179.997,0.003,-161.72
-483.096,44.435,684.715,-179.997,0.003,-158.581
-483.096,44.435,684.715,-179.997,0.003,-158.581
-483.096,44.435,684.715,-179.997,0.003,-158.581
-483.403,39.111,684.789,-179.996,0.003,-156.523
-483.403,39.111,684.789,-179.996,0.003,-156.523
-483.759,30.995,684.916,-179.996,0.003,-153.387
-483.759,30.995,684.916,-179.996,0.003,-153.387
-483.759,30.995,684.916,-179.996,0.003,-153.387
-483.986,22.849,685.037,-179.997,0.002,-150.29
-483.986,22.849,685.037,-179.997,0.002,-150.29
-484.056,17.678,685.108,-179.996,0.003,-148.255
-484.056,17.678,685.108,-179.996,0.003,-148.255
-484.056,17.678,685.108,-179.996,0.003,-148.255
-484.055,9.562,685.228,-179.996,0.003,-145.118
-484.055,9.562,685.228,-179.996,0.003,-145.118
-483.979,4.25,685.31,-179.996,0.003,-143.05
-483.755,-3.888,685.427,-179.995,0.003,-139.91
-483.755,-3.888,685.427,-179.995,0.003,-139.91
-483.755,-3.888,685.427,-179.995,0.003,-139.91
-483.396,-12.003,685.54,-179.995,0.003,-136.833
-483.081,-17.356,685.619,-179.995,0.003,-134.712
-483.081,-17.356,685.619,-179.995,0.003,-134.712
-482.515,-25.227,685.74,-179.996,0.002,-131.66
-482.515,-25.227,685.74,-179.996,0.002,-131.66
-482.515,-25.227,685.74,-179.996,0.002,-131.66
-482.052,-30.594,685.821,-179.996,0.002,-129.581
-482.052,-30.594,685.821,-179.996,0.002,-129.581
-481.243,-38.656,685.939,-179.996,0.001,-126.444
-481.243,-38.656,685.939,-179.996,0.001,-126.444
-480.642,-43.919,686.021,-179.996,0.001,-124.388
-480.642,-43.919,686.021,-179.996,0.001,-124.388
-480.642,-43.919,686.021,-179.996,0.001,-124.388
-479.611,-51.968,686.139,-179.996,0.0,-121.247
-479.611,-51.968,686.139,-179.996,0.0,-121.247
-478.853,-57.29,686.215,-179.996,0.001,-119.167
-478.853,-57.29,686.215,-179.996,0.001,-119.167
-477.599,-65.275,686.333,-179.996,0.0,-116.029
-477.599,-65.275,686.333,-179.996,0.0,-116.029
-477.599,-65.275,686.333,-179.996,0.0,-116.029
-476.213,-73.239,686.457,-179.997,-0.0,-112.951
-476.213,-73.239,686.457,-179.997,-0.0,-112.951
-475.257,-78.296,686.533,-179.997,-0.0,-110.896
-475.257,-78.296,686.533,-179.997,-0.0,-110.896
-475.257,-78.296,686.533,-179.997,-0.0,-110.896
-473.651,-86.216,686.645,-179.996,0.0,-107.759
-473.651,-86.216,686.645,-179.996,0.0,-107.759
-472.531,-91.376,686.721,-179.996,0.0,-105.702
-472.531,-91.376,686.721,-179.996,0.0,-105.702
-472.531,-91.376,686.721,-179.996,0.0,-105.702
-470.063,-101.897,686.878,-179.996,-0.0,-101.548
-470.063,-101.897,686.878,-179.996,-0.0,-101.548
-470.063,-101.897,686.878,-179.996,-0.0,-101.548
-468.106,-109.562,686.985,-179.995,0.0,-98.428
-468.106,-109.562,686.985,-179.995,0.0,-98.428
-468.106,-109.562,686.985,-179.995,0.0,-98.428
-466.73,-114.659,687.063,-179.995,-0.0,-96.357
-466.73,-114.659,687.063,-179.995,-0.0,-96.357
-466.73,-114.659,687.063,-179.995,-0.0,-96.357
-464.526,-122.413,687.181,-179.996,-0.001,-93.218
-464.526,-122.413,687.181,-179.996,-0.001,-93.218
-462.987,-127.543,687.258,-179.997,-0.001,-91.152
-462.987,-127.543,687.258,-179.997,-0.001,-91.152
-460.56,-135.226,687.374,-179.997,-0.001,-88.016
-460.56,-135.226,687.374,-179.997,-0.001,-88.016
-460.56,-135.226,687.374,-179.997,-0.001,-88.016
-458.906,-140.228,687.452,-179.997,-0.001,-85.96
-458.906,-140.228,687.452,-179.997,-0.001,-85.96
-456.271,-147.846,687.574,-179.999,-0.002,-82.865
-456.271,-147.846,687.574,-179.999,-0.002,-82.865
-456.271,-147.846,687.574,-179.999,-0.002,-82.865
-454.452,-152.875,687.649,-179.998,-0.002,-80.74
-454.452,-152.875,687.649,-179.998,-0.002,-80.74
-451.685,-160.195,687.761,-179.997,-0.002,-77.687
-451.685,-160.195,687.761,-179.997,-0.002,-77.687
-451.685,-160.195,687.761,-179.997,-0.002,-77.687
-448.725,-167.656,687.882,-179.998,-0.002,-74.548
-448.725,-167.656,687.882,-179.998,-0.002,-74.548
-446.691,-172.586,687.957,-179.998,-0.002,-72.47
-446.691,-172.586,687.957,-179.998,-0.002,-72.47
-446.691,-172.586,687.957,-179.998,-0.002,-72.47
-443.516,-179.97,688.075,-179.997,-0.002,-69.33
-443.516,-179.97,688.075,-179.997,-0.002,-69.33
-441.376,-184.765,688.153,-179.998,-0.002,-67.276
-441.376,-184.765,688.153,-179.998,-0.002,-67.276
-441.376,-184.765,688.153,-179.998,-0.002,-67.276
-438.012,-192.038,688.278,-179.998,-0.002,-64.18
-435.707,-196.843,688.356,-179.998,-0.002,-62.057
-435.707,-196.843,688.356,-179.998,-0.002,-62.057
-435.707,-196.843,688.356,-179.998,-0.002,-62.057
-432.239,-203.831,688.462,-179.997,-0.003,-59.002
-429.744,-208.686,688.546,-179.997,-0.003,-56.863
-429.744,-208.686,688.546,-179.997,-0.003,-56.863
-429.744,-208.686,688.546,-179.997,-0.003,-56.863
-426.089,-215.564,688.657,-179.998,-0.003,-53.794
-426.089,-215.564,688.657,-179.998,-0.003,-53.794
-422.201,-222.588,688.774,-179.998,-0.003,-50.656
-422.201,-222.588,688.774,-179.998,-0.003,-50.656
-422.201,-222.588,688.774,-179.998,-0.003,-50.656
-419.575,-227.181,688.85,-179.998,-0.003,-48.593
-419.575,-227.181,688.85,-179.998,-0.003,-48.593
-415.53,-234.032,688.974,-179.999,-0.002,-45.517
-415.53,-234.032,688.974,-179.999,-0.002,-45.517
-415.53,-234.032,688.974,-179.999,-0.002,-45.517
-412.822,-238.477,689.049,-180.0,-0.002,-43.42
-412.822,-238.477,689.049,-180.0,-0.002,-43.42
-412.822,-238.477,689.049,-180.0,-0.002,-43.42
-408.727,-245.002,689.151,-179.998,-0.003,-40.423
-408.727,-245.002,689.151,-179.998,-0.003,-40.423
-408.727,-245.002,689.151,-179.998,-0.003,-40.423
-405.854,-249.443,689.229,-179.999,-0.003,-38.403
-405.854,-249.443,689.229,-179.999,-0.003,-38.403
-405.854,-249.443,689.229,-179.999,-0.003,-38.403
-401.736,-255.629,689.335,-179.998,-0.003,-35.434
-401.736,-255.629,689.335,-179.998,-0.003,-35.434
-398.911,-259.754,689.405,-179.998,-0.003,-33.479
-398.911,-259.754,689.405,-179.998,-0.003,-33.479
-398.911,-259.754,689.405,-179.998,-0.003,-33.479
-394.659,-265.79,689.509,-179.998,-0.003,-30.591
-394.659,-265.79,689.509,-179.998,-0.003,-30.591
-394.659,-265.79,689.509,-179.998,-0.003,-30.591
-390.443,-271.588,689.612,-179.999,-0.003,-27.779
-390.443,-271.588,689.612,-179.999,-0.003,-27.779
-387.695,-275.271,689.677,-179.999,-0.003,-25.982
-387.695,-275.271,689.677,-179.999,-0.003,-25.982
-387.695,-275.271,689.677,-179.999,-0.003,-25.982
-383.605,-280.613,689.766,-179.998,-0.003,-23.349
-383.605,-280.613,689.766,-179.998,-0.003,-23.349
-380.787,-284.207,689.827,-179.998,-0.004,-21.56
-380.787,-284.207,689.827,-179.998,-0.004,-21.56
-376.818,-289.155,689.914,-179.998,-0.004,-19.073
-376.818,-289.155,689.914,-179.998,-0.004,-19.073
-374.148,-292.41,689.976,-179.998,-0.004,-17.421
-374.148,-292.41,689.976,-179.998,-0.004,-17.421
-370.156,-297.17,690.061,-179.998,-0.004,-14.989
-370.156,-297.17,690.061,-179.998,-0.004,-14.989
-367.573,-300.181,690.116,-179.998,-0.004,-13.434
-367.573,-300.181,690.116,-179.998,-0.004,-13.434
-367.573,-300.181,690.116,-179.998,-0.004,-13.434
-363.689,-304.608,690.201,-179.999,-0.003,-11.127
-363.689,-304.608,690.201,-179.999,-0.003,-11.127
-361.189,-307.402,690.255,-180.0,-0.003,-9.645
-361.189,-307.402,690.255,-180.0,-0.003,-9.645
-361.189,-307.402,690.255,-180.0,-0.003,-9.645
-357.445,-311.506,690.339,180.0,-0.003,-7.462
-357.445,-311.506,690.339,180.0,-0.003,-7.462
-353.845,-315.365,690.413,179.999,-0.002,-5.409
-353.845,-315.365,690.413,179.999,-0.002,-5.409
-351.466,-317.878,690.44,179.999,-0.001,-4.055
-351.466,-317.878,690.44,179.999,-0.001,-4.055
-351.466,-317.878,690.44,179.999,-0.001,-4.055
-351.466,-317.878,690.44,179.999,-0.001,-4.055
-347.848,-321.652,690.428,179.998,-0.001,-2.051
-347.848,-321.652,690.428,179.998,-0.001,-2.051
-347.848,-321.652,690.428,179.998,-0.001,-2.051
-345.434,-324.14,690.365,179.999,-0.002,-0.764
-345.434,-324.14,690.365,179.999,-0.002,-0.764
-345.434,-324.14,690.365,179.999,-0.002,-0.764
-341.755,-327.938,690.15,179.998,0.001,1.16
-339.291,-330.475,689.893,179.998,0.001,2.402
-339.291,-330.475,689.893,179.998,0.001,2.402
-335.423,-334.456,689.351,179.998,0.004,4.269
-335.423,-334.456,689.351,179.998,0.004,4.269
-332.773,-337.187,688.899,179.996,0.01,5.492
-332.773,-337.187,688.899,179.996,0.01,5.492
-328.725,-341.348,687.981,179.994,0.014,7.274
-328.725,-341.348,687.981,179.994,0.014,7.274
-328.725,-341.348,687.981,179.994,0.014,7.274
-324.362,-345.815,686.82,179.992,0.024,9.087
-324.362,-345.815,686.82,179.992,0.024,9.087
-321.348,-348.868,685.917,179.992,0.03,10.275
-321.348,-348.868,685.917,179.992,0.03,10.275
-321.348,-348.868,685.917,179.992,0.03,10.275
-316.615,-353.618,684.368,179.989,0.039,12.055
-316.615,-353.618,684.368,179.989,0.039,12.055
-313.415,-356.792,683.237,179.989,0.047,13.206
-313.415,-356.792,683.237,179.989,0.047,13.206
-313.415,-356.792,683.237,179.989,0.047,13.206
-308.371,-361.725,681.393,179.983,0.064,14.94
-308.371,-361.725,681.393,179.983,0.064,14.94
-304.936,-365.031,680.054,179.982,0.074,16.07
-304.936,-365.031,680.054,179.982,0.074,16.07
-304.936,-365.031,680.054,179.982,0.074,16.07
-299.549,-370.078,677.84,179.987,0.081,17.732
-299.549,-370.078,677.84,179.987,0.081,17.732
-295.934,-373.422,676.295,179.986,0.091,18.823
-295.934,-373.422,676.295,179.986,0.091,18.823
-290.455,-378.408,673.813,179.986,0.11,20.422
-290.455,-378.408,673.813,179.986,0.11,20.422
-290.455,-378.408,673.813,179.986,0.11,20.422
-286.493,-381.901,672.082,179.985,0.121,21.493
-286.493,-381.901,672.082,179.985,0.121,21.493
-280.675,-386.954,669.331,179.985,0.141,23.04
-280.675,-386.954,669.331,179.985,0.141,23.04
-274.575,-392.08,666.421,179.985,0.16,24.562
-274.575,-392.08,666.421,179.985,0.16,24.562
-274.575,-392.08,666.421,179.985,0.16,24.562
-270.51,-395.423,664.445,179.983,0.175,25.54
-270.51,-395.423,664.445,179.983,0.175,25.54
-270.51,-395.423,664.445,179.983,0.175,25.54
-264.162,-400.467,661.388,179.985,0.195,26.979
-264.162,-400.467,661.388,179.985,0.195,26.979
-259.886,-403.821,659.257,179.981,0.218,27.927
-259.886,-403.821,659.257,179.981,0.218,27.927
-259.886,-403.821,659.257,179.981,0.218,27.927
-253.509,-408.63,655.902,179.988,0.232,29.265
-253.509,-408.63,655.902,179.988,0.232,29.265
-253.509,-408.63,655.902,179.988,0.232,29.265
-248.972,-411.956,653.622,179.988,0.249,30.168
-248.972,-411.956,653.622,179.988,0.249,30.168
-242.357,-416.691,650.081,179.988,0.274,31.445
-242.357,-416.691,650.081,179.988,0.274,31.445
-237.862,-419.794,647.697,179.989,0.29,32.267
-237.862,-419.794,647.697,179.989,0.29,32.267
-230.952,-424.423,643.981,179.99,0.315,33.478
-230.952,-424.423,643.981,179.99,0.315,33.478
-230.952,-424.423,643.981,179.99,0.315,33.478
-223.956,-428.925,640.229,179.99,0.34,34.63
-223.956,-428.925,640.229,179.99,0.34,34.63
-219.283,-431.885,637.665,179.985,0.368,35.371
-219.283,-431.885,637.665,179.985,0.368,35.371
-212.365,-436.035,633.686,179.991,0.381,36.404
-212.365,-436.035,633.686,179.991,0.381,36.404
-212.365,-436.035,633.686,179.991,0.381,36.404
-207.488,-438.863,631.016,179.99,0.399,37.096
-207.488,-438.863,631.016,179.99,0.399,37.096
-200.458,-442.838,626.961,179.987,0.43,38.046
-195.716,-445.403,624.205,179.988,0.445,38.654
-188.516,-449.174,619.984,179.986,0.472,39.523
-188.516,-449.174,619.984,179.986,0.472,39.523
-183.806,-451.563,617.193,179.983,0.493,40.057
-183.806,-451.563,617.193,179.983,0.493,40.057
-176.596,-455.083,612.963,179.976,0.528,40.822
-176.596,-455.083,612.963,179.976,0.528,40.822
-171.826,-457.263,609.983,179.982,0.533,41.293
-171.826,-457.263,609.983,179.982,0.533,41.293
-164.702,-460.441,605.707,179.979,0.562,41.951
-164.702,-460.441,605.707,179.979,0.562,41.951
-164.702,-460.441,605.707,179.979,0.562,41.951
-157.828,-463.387,601.306,179.973,0.593,42.513
-157.828,-463.387,601.306,179.973,0.593,42.513
-157.828,-463.387,601.306,179.973,0.593,42.513
-153.16,-465.28,598.366,179.972,0.609,42.868
-153.16,-465.28,598.366,179.972,0.609,42.868
-153.16,-465.28,598.366,179.972,0.609,42.868
-146.215,-467.98,593.904,179.968,0.637,43.338
-146.215,-467.98,593.904,179.968,0.637,43.338
-141.736,-469.649,590.978,179.963,0.657,43.605
-141.736,-469.649,590.978,179.963,0.657,43.605
-135.006,-472.084,586.593,179.951,0.695,43.955
-135.006,-472.084,586.593,179.951,0.695,43.955
-130.596,-473.558,583.536,179.95,0.706,44.147
-130.596,-473.558,583.536,179.95,0.706,44.147
-130.596,-473.558,583.536,179.95,0.706,44.147
-124.081,-475.696,579.163,179.934,0.744,44.372
-124.081,-475.696,579.163,179.934,0.744,44.372
-119.864,-476.981,576.169,179.929,0.76,44.482
-119.864,-476.981,576.169,179.929,0.76,44.482
-119.864,-476.981,576.169,179.929,0.76,44.482
-113.576,-478.788,571.587,179.923,0.78,44.598
-113.576,-478.788,571.587,179.923,0.78,44.598
-107.091,-480.565,566.885,179.909,0.811,44.669
-107.091,-480.565,566.885,179.909,0.811,44.669
-102.747,-481.672,563.712,179.899,0.831,44.696
-102.747,-481.672,563.712,179.899,0.831,44.696
-102.747,-481.672,563.712,179.899,0.831,44.696
-95.957,-483.329,558.843,179.874,0.876,44.712
-95.957,-483.329,558.843,179.874,0.876,44.712
-91.297,-484.312,555.286,179.869,0.888,44.71
-91.297,-484.312,555.286,179.869,0.888,44.71
-83.954,-485.826,549.943,179.842,0.931,44.699
-83.954,-485.826,549.943,179.842,0.931,44.699
-83.954,-485.826,549.943,179.842,0.931,44.699
-78.872,-486.741,546.19,179.828,0.953,44.693
-78.872,-486.741,546.19,179.828,0.953,44.693
-70.941,-487.94,540.182,179.815,0.976,44.676
-70.941,-487.94,540.182,179.815,0.976,44.676
-65.135,-488.713,536.022,179.804,0.993,44.698
-65.135,-488.713,536.022,179.804,0.993,44.698
-65.135,-488.713,536.022,179.804,0.993,44.698
-56.529,-489.709,529.626,179.774,1.034,44.673
-56.529,-489.709,529.626,179.774,1.034,44.673
-47.531,-490.564,523.266,179.733,1.083,44.673
-47.531,-490.564,523.266,179.733,1.083,44.673
-41.607,-490.865,518.767,179.726,1.091,44.665
-41.607,-490.865,518.767,179.726,1.091,44.665
-32.598,-491.298,512.409,179.685,1.135,44.67
-32.598,-491.298,512.409,179.685,1.135,44.67
-32.598,-491.298,512.409,179.685,1.135,44.67
-26.685,-491.43,508.241,179.663,1.158,44.685
-26.685,-491.43,508.241,179.663,1.158,44.685
-26.685,-491.43,508.241,179.663,1.158,44.685
-18.248,-491.321,502.04,179.645,1.173,44.694
-18.248,-491.321,502.04,179.645,1.173,44.694
-12.552,-491.195,498.088,179.624,1.192,44.718
-12.552,-491.195,498.088,179.624,1.192,44.718
-4.728,-490.863,492.454,179.589,1.223,44.716
-4.728,-490.863,492.454,179.589,1.223,44.716
0.457,-490.603,488.924,179.558,1.25,44.727
0.457,-490.603,488.924,179.558,1.25,44.727
7.434,-489.947,483.826,179.543,1.26,44.742
7.434,-489.947,483.826,179.543,1.26,44.742
14.153,-489.32,479.183,179.503,1.291,44.756
14.153,-489.32,479.183,179.503,1.291,44.756
18.358,-488.847,476.258,179.481,1.308,44.767
18.358,-488.847,476.258,179.481,1.308,44.767
24.323,-487.984,472.019,179.469,1.315,44.806
24.323,-487.984,472.019,179.469,1.315,44.806
27.975,-487.423,469.388,179.454,1.325,44.811
27.975,-487.423,469.388,179.454,1.325,44.811
27.975,-487.423,469.388,179.454,1.325,44.811
33.07,-486.603,465.746,179.426,1.343,44.813
33.07,-486.603,465.746,179.426,1.343,44.813
36.364,-486.036,463.49,179.412,1.351,44.839
36.364,-486.036,463.49,179.412,1.351,44.839
36.364,-486.036,463.49,179.412,1.351,44.839
40.683,-485.196,460.336,179.394,1.363,44.842
40.683,-485.196,460.336,179.394,1.363,44.842
43.364,-484.658,458.433,179.381,1.37,44.849
43.364,-484.658,458.433,179.381,1.37,44.849
47.092,-483.914,455.867,179.358,1.384,44.864
47.092,-483.914,455.867,179.358,1.384,44.864
47.092,-483.914,455.867,179.358,1.384,44.864
49.308,-483.409,454.265,179.352,1.386,44.879
49.308,-483.409,454.265,179.352,1.386,44.879
52.281,-482.771,452.225,179.333,1.397,44.894
52.281,-482.771,452.225,179.333,1.397,44.894
54.743,-482.16,450.444,179.326,1.4,44.908
54.743,-482.16,450.444,179.326,1.4,44.908
54.743,-482.16,450.444,179.326,1.4,44.908
56.233,-481.82,449.438,179.316,1.405,44.918
56.233,-481.82,449.438,179.316,1.405,44.918
58.009,-481.375,448.193,179.311,1.407,44.931
58.009,-481.375,448.193,179.311,1.407,44.931
58.97,-481.138,447.535,179.306,1.409,44.939
60.102,-480.864,446.781,179.3,1.412,44.952
60.102,-480.864,446.781,179.3,1.412,44.952
60.102,-480.864,446.781,179.3,1.412,44.952
60.658,-480.727,446.424,179.297,1.413,44.96
